<?xml version="3.0" encoding="UTF-8" standalone="yes"?>
<addon id="plugin.video.Neitzke" name="[COLOR white][B]N[/B][/COLOR][COLOR springgreen][B]EITZKE[/B][/COLOR]" version="1.0.0" provider-name="KodiMania">  
<requires>
    <import addon="xbmc.python" version="3.0.0"/>
    <import addon="script.module.requests"/>
    <import addon="script.module.simplejson"/>
	<import addon="script.module.kodi-six" />
</requires>  
<extension point="xbmc.python.pluginsource" library="default.py">
	<provides>video</provides>
</extension>   
<extension point="xbmc.addon.metadata">
	<summary lang="en">.</summary>
    <description lang="en">.</description>
    <disclaimer lang="en"></disclaimer>
	<platform>all</platform>
	<assets>
       <icon>icon.png</icon>
       <fanart>fanart.jpg</fanart>
</assets>
	<news>
	1.0.0
	</news>
</extension>
</addon>