<?xml version="1.0" encoding="UTF-8" standalone="yes"?>
<addon id="repository.KodiMania" name="Repositório KodiMania" version="1.0" provider-name="KodiMania">
	<requires>
        <import addon="xbmc.addon" version="12.0.0"/>
		</requires>
	<extension point="xbmc.addon.repository" name="KodiMania">
        <dir>
            <info compressed="false">https://github.com/neitzke11/neitzke-matrix/raw/main/matrix/addons.xml</info>
            <checksum>https://github.com/neitzke11/neitzke-matrix/raw/main/matrix/addons.xml.md5</checksum>
            <datadir zip="true">https://github.com/neitzke11/neitzke-matrix/raw/main/matrix</datadir>
			<hashes>false</hashes>
        </dir>
    </extension>
    <extension point="xbmc.addon.metadata">
        <summary>Repositório KodiMania</summary>
        <description>.</description>
        <disclaimer></disclaimer>
        <platform>all</platform>
        <assets>
            <icon>icon.png</icon>
            <fanart>fanart.jpg</fanart>
        </assets>
    </extension>
</addon>